Results,"Campaign ID","Campaign name","Special ad category","Campaign objective","Campaign budget","Funding instrument","Campaign status","Campaign App ID","Ad group ID","Ad group name","Start time","End time","Ad Group Pixel ID","Bid strategy","Bid","Budget type","Budget","Conversion goal","Conversion optimization window","Frequency caps","Ad group status","Locations","Exclude locations","Gender","Language targeting","Exclude keywords","Keywords","Interests","Communities","Exclude communities","Auto app exclusions","Device type","Minimum OS version","Carriers","Placements","Platforms","Custom audiences","Exclude custom audiences","Third-party audiences","Exclude third-party audiences","Expand audience automatically","Delivery type","Ad Group App ID","Shopping Ad Type","Product Catalog ID","Ad ID","Ad name","Impression trackers","Click trackers","Ad status","Second Line CTA","Ad product IDs","Post ID","Profile name or ID","Post type","Call to action","Headline","Destination URL","Display URL","Media file name","Thumbnail file name","Body","Allow comments","Additional Text","Carousel card 1 - Media file name","Carousel card 1 - Destination URL","Carousel card 1 - Display URL","Carousel card 1 - Caption","Carousel card 1 - Call to action","Carousel card 2 - Media file name","Carousel card 2 - Destination URL","Carousel card 2 - Display URL","Carousel card 2 - Caption","Carousel card 2 - Call to action","Carousel card 3 - Media file name","Carousel card 3 - Destination URL","Carousel card 3 - Display URL","Carousel card 3 - Caption","Carousel card 3 - Call to action","Carousel card 4 - Media file name","Carousel card 4 - Destination URL","Carousel card 4 - Display URL","Carousel card 4 - Caption","Carousel card 4 - Call to action","Carousel card 5 - Media file name","Carousel card 5 - Destination URL","Carousel card 5 - Display URL","Carousel card 5 - Caption","Carousel card 5 - Call to action","Carousel card 6 - Media file name","Carousel card 6 - Destination URL","Carousel card 6 - Display URL","Carousel card 6 - Caption","Carousel card 6 - Call to action","Hero card - Media file name","Hero card - Destination URL","Hero card - Display URL","Hero card - Caption","Hero card - Call to action","Secondary card 1 - Media file name","Secondary card 1 - Destination URL","Secondary card 1 - Display URL","Secondary card 2 - Media file name","Secondary card 2 - Destination URL","Secondary card 2 - Display URL","Secondary card 3 - Media file name","Secondary card 3 - Destination URL","Secondary card 3 - Display URL","Secondary card 4 - Media file name","Secondary card 4 - Destination URL","Secondary card 4 - Display URL","Secondary card 5 - Media file name","Secondary card 5 - Destination URL","Secondary card 5 - Display URL"
"# The result of your bulk import.

Successful imports return SUCCESS.

Enter IGNORE to ignore this row.","The campaign you want to modify.

Leave blank to create a campaign.

Enter a temporary ID (eg. TEMPC1) in rows below a campaign to create ad groups under that campaign.","How your campaign is labeled in the dashboard and reports.

Required for new campaigns.","Categories with limited targeting options, gender and zip code targeting are unavailable.

Uneditable for existing campaigns.

A value of TRUE is required if advertising:

Housing: ads for sale or rental of real estate listings, homeowners insurance, mortgage loans, or other services related to finding housing.
Employment: ads for job opportunities or services for job seekers.
Credit: ads for credit card offers, loans, financing, or any other services related to debt or credit.

Values:
TRUE, FALSE","What you want your ad campaign to achieve.

Uneditable for existing campaigns.

Values:
BRAND_AWARENESS, TRAFFIC, CONVERSIONS, VIDEO_VIEWS, APP_INSTALLS","Specify how much your campaign should spend over its lifetime. Campaigns will never be billed more than their budgeted amount. Optional.

Format in dollars.cents, ie 10000.00","How your campaign will be funded.

Admin only.

Leave blank for advertiser-level funding.","The status of your campaign.

Values:
ACTIVE, PAUSED, ARCHIVED, DELETED","Your app's App Store or Google Play ID.

Required for new app install campaigns.

Uneditable for existing campaigns.","The ad group you want to modify.

Leave blank to create an ad group.

Enter a temporary ID (eg. TEMPC1) in rows below an ad group to create ads under that ad group.","How your ad group is labeled in the dashboard and reports.

Required for new ad groups.","The start time of your ad group


Format:
YYYY-MM-DD HH:MM TZ.

Timezone (TZ) will be UTC if left blank.","The end time of your ad group.

Format:
YYYY-MM-DD HH:MM TZ.

Timezone (TZ) will be UTC if left blank.

Leave blank to run continuously.","The Pixel ID used for measurement and optimization. Can be found in Events Manager.

Example: a2_a1b2c3","How you'll bid in ad auctions.
Values:
MAXIMIZE_VOLUME, MANUAL_BIDDING, LOWEST_COST","For ad groups using maximize volume or cost cap, enter your cost per click cap.

For ad groups using lowest cost, enter 'None.'

For ad groups with the manual bidding strategy, your bid per click.

Required for new ad groups.

Format:
0.00","Choose a lifetime or daily budget for your ad group.

Values:
LIFETIME, DAILY","The maximum spend for your ad group, in USD.

Format:
00.00","Set the conversion goal for your ad group with conversion objective campaign.

It includes PURCHASE, CLICKS, LEAD, ADD_TO_CART, ADD_TO_WISHLIST, SIGN_UP, SEARCH, VIEW_CONTENT or PAGE_VISIT","Set the conversion optimization window for your ad group with conversion objective campaign.

It includes SEVEN_DAY_CLICKS_ONE_DAY_VIEW or SEVEN_DAY_CLICKS","The frequency cap for your ad group.

Admin only.

Values:
RECOMMENDED, NONE, [number]/DAY, [number]/HOUR, [number]/WEEK, [number]/MONTH","The status of your ad group.

Values:
ACTIVE, PAUSED, ARCHIVED, DELETED","Target users based on their location.

Country format, Alpha-2 code:
US

State format:
US-NY

DMA format, numerical ID:
501

More info:
https://www.iban.com/country-codes
https://www.ssa.gov/international/coc-docs/states.html
http://www.spstechnical.com/DMACodes.html","Prevent your ad from running in certain locations.

Country format, Alpha-2 code:
US

State format:
US-NY

DMA format, numerical ID:
501

More info:
https://www.iban.com/country-codes
https://www.ssa.gov/international/coc-docs/states.html
http://www.spstechnical.com/DMACodes.html","Set or edit the gender your ad group should target. Leave blank to target all genders.

Valid inputs: MEN, WOMEN","Provide a comma separated list of approved languages code.

Values: ES, FR","Prevent your ad from appearing above or below headlines that include these words.","Add keywords to target your ad group","Target users based on their interests, determined by content they've interacted with recently.

Values:
https://redditinc.force.com/helpcenter/s/article/Overview-Reddit-Ads-Interest-Targeting","Target users who are subscribed to or who have recently interacted with a community.

Format:
[community]","Prevent your ad from running in certain communities.

Format:
[community]","Automatically exclude users who have your app installed.

Values:
TRUE, FALSE","Target certain devices.

Values:
ALL, DESKTOP, MOBILE:ALL, MOBILE:ANDROID, MOBILE:IOS","The minimum mobile OS version your ad group targets.

Values:
NONE, ALL, iOS14, iOS15, iOS16, Android7, Android8, Android9, Android10, Android11, Android12, Android13","Target devices on certain mobile carriers.","Where your ads will be displayed.

Values:
ALL, FEED, CONVERSATION","Target certain platforms.

Admin only.

Values:
DESKTOP, MOBILE_WEB, MOBILE_NATIVE, MOBILE_WEB_3X, SHREDTOP, ALL","Target custom audiences.

Custom audience IDs can be found in Audience Manager","Exclude custom audiences.

Custom audience IDs can be found in Audience Manager","Target users based on their online and real world interests and behaviors, as provided by a third-party partner.","Exclude users based on their online and real world interests and behaviors, as provided by a third-party partner.","Dynamically expand your audience to include users who are similar to those you're targeting.

Values:
TRUE, FALSE","The rate at which your ad group budget is spent. Also called pacing.

Admin only.

Values:
UNIFORM, ACCELERATED","Your app's App Store or Google Play ID.

Required for new app install ad groups.

Leave blank if editing an ad group.","This is the type of shopping ad that you want to create.

The available options are STATIC or DYNAMIC. These will create the two types of shopping ads that we have available, CPA (Custom Product Ads) and DPA (Dynamic Product Ads).

Example: STATIC","This is the ID of the product catalog that you want to use for the ad group. You can find it by going to the Catalogs section in Ads Manager. This is the ID shown in the ID column of the table. This will be a UUID.

Example: a1b2c3d4-5678-90e1-2f3g-4h56i7j8k9l0","The ad you want to modify.

Leave blank if creating an ad.","How your ad is labeled in the dashboard and reports.

Required for new ads.","URLs for impression trackers from Reddit's list of approved measurement providers.","URLs for click trackers from Reddit's list of approved measurement providers.","The status of your ad.

Values:
ACTIVE, PAUSED, ARCHIVED, DELETED","This determines what is shown on the second line of the call-to-action that will be shown in the ad. This is optional and can be left empty. When filled in, the accepted values refer to either the price or description of the product, using values PRICE or DESCRIPTION.
Example: PRICE","This is a list of the product IDs that you want to include in the ad. The ID refers to the ID column given in the catalog CSV, and is therefore the advertisers' own product ID. Any valid string of max. 128 characters is accepted.

Example product ID: SKU-ABC-123
Example array: SKU-ABC-123,SKU-DEF-456","The post to use for ad creative.

Leave blank if creating a new post.

Existing posts are uneditable.","Indicate the name or T2 ID of the profile that will publish the ad.","The type of your post.

Existing posts are uneditable.

Values:
IMAGE, TEXT, VIDEO, CAROUSEL","Encourages users to interact with your post in a way that aligns with your campaign objective.


Leave blank for carousel posts.

Existing posts are uneditable.

Values:
DOWNLOAD, INSTALL, SHOP NOW, VIEW MORE, SIGN UP, LEARN MORE, CONTACT US, GET SHOWTIMES, GET A QUOTE, SEE MENU, APPLY NOW, WATCH NOW, PLAY NOW, PRE-ORDER NOW, ORDER NOW","Existing posts are uneditable.

300 character max.","Your ad will direct redditors here.

Leave blank for carousel posts.

Existing posts are uneditable.","The link that redditors see.

Leave blank for carousel posts.

Existing posts are uneditable.

100 character max.","The primary media of your post.

Enter the filename of uploaded media.

Leave blank for text and carousel posts.

Existing posts are uneditable.","The thumbnail of your post.

Enter the filename of uploaded media.

Existing posts are uneditable.","Appears in the body of your post.

For text posts only.

Existing posts are uneditable.","Allow users to engage with your post and start a conversation with you and other users.

Values

TRUE, FALSE","Appears in the body of your post.

For image, video, or free-form posts only.

Existing posts are uneditable.","Set the media for carousel card 1 using the filename of the image uploaded. Cannot be changed on existing posts.","Set the destination URL for carousel card 1. Cannot be changed on existing posts.","Set the display URL for carousel card 1. Cannot be changed on existing posts.","Text will appear directly under the card image. 50 character limit. Cannot be changed on existing posts.","Encourages users to interact with your post in a way that aligns with your campaign objective. Cannot be changed on existing posts.","Set the media for carousel card 2 using the filename of the image uploaded. Cannot be changed on existing posts.","Set the destination URL for carousel card 2. Cannot be changed on existing posts.","Set the display URL for carousel card 2. Cannot be changed on existing posts.","Text will appear directly under the card image. 50 character limit. Cannot be changed on existing posts.","Encourages users to interact with your post in a way that aligns with your campaign objective. Cannot be changed on existing posts.","Set the media for carousel card 3 using the filename of the image uploaded. Cannot be changed on existing posts.","Set the destination URL for carousel card 3. Cannot be changed on existing posts.","Set the display URL for carousel card 3. Cannot be changed on existing posts.","Text will appear directly under the card image. 50 character limit. Cannot be changed on existing posts.","Encourages users to interact with your post in a way that aligns with your campaign objective. Cannot be changed on existing posts.","Set the media for carousel card 4 using the filename of the image uploaded. Cannot be changed on existing posts.","Set the destination URL for carousel card 4. Cannot be changed on existing posts.","Set the display URL for carousel card 4. Cannot be changed on existing posts.","Text will appear directly under the card image. 50 character limit. Cannot be changed on existing posts.","Encourages users to interact with your post in a way that aligns with your campaign objective. Cannot be changed on existing posts.","Set the media for carousel card 5 using the filename of the image uploaded. Cannot be changed on existing posts.","Set the destination URL for carousel card 5. Cannot be changed on existing posts.","Set the display URL for carousel card 5. Cannot be changed on existing posts.","Text will appear directly under the card image. 50 character limit. Cannot be changed on existing posts.","Encourages users to interact with your post in a way that aligns with your campaign objective. Cannot be changed on existing posts.","Set the media for carousel card 6 using the filename of the image uploaded. Cannot be changed on existing posts.","Set the destination URL for carousel card 6. Cannot be changed on existing posts.","Set the display URL for carousel card 6. Cannot be changed on existing posts.","Text will appear directly under the card image. 50 character limit. Cannot be changed on existing posts.","Encourages users to interact with your post in a way that aligns with your campaign objective. Cannot be changed on existing posts.","Set the media for the hero card using the filename of the image uploaded. Cannot be changed on existing posts. For Collection posts only.","Set the destination URL for the hero card. Cannot be changed on existing posts. For Collection posts only.","Set the display URL for the hero card. Cannot be changed on existing posts. For Collection posts only.","Text will appear directly under the hero card image. 50 character limit. Cannot be changed on existing posts. For Collection posts only.","Encourages users to interact with your post in a way that aligns with your campaign objective. Cannot be changed on existing posts. For Collection posts only.","Set the media for secondary card 1 using the filename of the image uploaded. Cannot be changed on existing posts. For Collection posts only.","Set the destination URL for secondary card 1. Cannot be changed on existing posts. For Collection posts only.","Set the display URL for secondary card 1. Cannot be changed on existing posts For Collection posts only.","Set the media for secondary card 2 using the filename of the image uploaded. Cannot be changed on existing posts. For Collection posts only.","Set the destination URL for secondary card 2. Cannot be changed on existing posts. For Collection posts only.","Set the display URL for secondary card 2. Cannot be changed on existing posts. For Collection posts only.","Set the media for secondary card 3 using the filename of the image uploaded. Cannot be changed on existing posts. For Collection posts only.","Set the destination URL for secondary card 3. Cannot be changed on existing posts. For Collection posts only.","Set the display URL for secondary card 3. Cannot be changed on existing posts. For Collection posts only.","Set the media for secondary card 4 using the filename of the image uploaded. Cannot be changed on existing posts. For Collection posts only.","Set the destination URL for secondary card 4. Cannot be changed on existing posts. For Collection posts only.","Set the display URL for secondary card 4. Cannot be changed on existing posts. For Collection posts only.","Set the media for secondary card 5 using the filename of the image uploaded. Cannot be changed on existing posts. For Collection posts only.","Set the destination URL for secondary card 5. Cannot be changed on existing posts. For Collection posts only.","Set the display URL for secondary card 5. Cannot be changed on existing posts. For Collection posts only."
,"'2502918895272014093","[Promoted Post] Campaign 2026-05-16 03:57:51 UTC","FALSE","TRAFFIC","","1627231","PAUSED","","'2502918895274059486","[Promoted Post] Ad Group 2026-05-16 03:57:51 UTC","'2026-05-16 03:57:51","'2026-05-19 03:57:51","a2_isf9x6nbz9v2","LOWEST_COST","","LIFETIME","39.00","","","RECOMMENDED","ACTIVE","","","","","","","","","","TRUE","ALL","","","FEED, CONVERSATION","","","","","","FALSE","UNIFORM","","","","'2502918895274744787","[Promoted Post] Ad 2026-05-16 03:57:51 UTC","","","ACTIVE","","","t3_1teimes","t2_2bnhmwkhsl","TEXT","","I built a tool that shows where your resume actually matches in the current job market","","","","","","FALSE","","","","","","","","","","","","","","","","","","","","","","","","","","","","","","","","","","","","","","","","","","","","","","","","","","","",
,"'2503016250422509654","Traffic Campaign 2026-05-16 00:11:17 PDT","FALSE","TRAFFIC","250.00","1627231","PAUSED","","'2503016250416134703","Traffic Ad Group 2026-05-16 00:11:17 PDT","'2026-05-16 07:30:00","'2026-06-16 08:30:00","a2_isf9x6nbz9v2","LOWEST_COST","","DAILY","50.00","","","RECOMMENDED","ACTIVE","GB, AU, US, CA","","","","","Career Guidance, Job Board, Job Tools, Resume Tool, career advice, entry level jobs, full time jobs, interview, job applications, job market, job search, jobs, layoffs, new grad, recruiting, resume, software engineer, tech industry","investing_v3, consumer_electronics_v3, programming_v3, cryptocurrency_v3, software_v3, business_v3, marketplace_v3, hardware_v3, virtual_reality_v3, mobile_gadgets_v3, personal_finance_v3","interviews, jobs, cscareeradvice, resumes, cscareers, careerguidance","","TRUE","ALL","","","FEED, CONVERSATION","","","","","","TRUE","UNIFORM","","","","'2503016250421745494","Traffic Ad 2026-05-16 00:11:17 PDT","","","ACTIVE","","","t3_1telpx1","t2_2bnhmwkhsl","IMAGE","LEARN MORE","Stop applying blind. Discover roles that match your background.","https://www.seekerscore.com/?utm_source=reddit&utm_medium=paid&utm_campaign=resume_match_test1","seekerscore.com","","","","TRUE","","","","","","","","","","","","","","","","","","","","","","","","","","","","","","","","","","","","","","","","","","","","","","","","","","","",
,"'2520138178656659576","SEEKER - Traffic - Jun 2026","FALSE","TRAFFIC","","1627231","PAUSED","","'2520138178653439020","Job Seekers - Tech - US","'2026-06-09 15:00:00","'2026-07-15 02:00:00","a2_isf9x6nbz9v2","LOWEST_COST","","DAILY","","","","RECOMMENDED","ACTIVE","US","","","","","apprenticeships, bachelors, back to work, cabinet, career choice, career development, career field, career path, career progression, career trajectory, career wise, college degree, consultancy, continuing education, earning, earning potential, entry level jobs, entry level positions, finances, financial planning, financial stability, financially, get paid, getting hired, going back to school, graduate degree, graduated, hire, hires, hiring, in bed, in hospital, in office, in school, internship, internships, interviewed, job hopping, job hunt, job hunting, job interviews, job market, job offer, job offers, job searching, job security, jobs, looking for a new job, making 6 figures, masters degree, new grads, new job, office jobs, paid off, personal development, phd, professional career, professional development, remote work, rent, rented, resume, resume tips, stay at home, teacher, teachers, teaching, wealth management, work from home, work life balance","","jobsearch, ProductManagement, jobs, askdatascience, datascience, cscareeradvice, resumes, cscareers, cscareerquestions, recruitinghell, careeradvice, careerguidance, marketing, findapath, ExperiencedDevs, CScareerquestionsSEA","","TRUE","ALL","","","CONVERSATION, FEED","","","","","","TRUE","UNIFORM","","","","'2520138178653384225","Variant B - Credibility","","","ACTIVE","","","t3_1u0mgwg","t2_2bnhmwkhsl","IMAGE","LEARN MORE","Stop applying blind. See where you rank first.","https://seekerscore.com/?utm_source=reddit&utm_medium=paid&utm_campaign=traffic_jun2026&utm_content=credibility","seekerscore.com","","","","FALSE","","","","","","","","","","","","","","","","","","","","","","","","","","","","","","","","","","","","","","","","","","","","","","","","","","","",
,"'2520138178656659576","SEEKER - Traffic - Jun 2026","FALSE","TRAFFIC","","1627231","PAUSED","","'2520138178653439020","Job Seekers - Tech - US","'2026-06-09 15:00:00","'2026-07-15 02:00:00","a2_isf9x6nbz9v2","LOWEST_COST","","DAILY","","","","RECOMMENDED","ACTIVE","US","","","","","apprenticeships, bachelors, back to work, cabinet, career choice, career development, career field, career path, career progression, career trajectory, career wise, college degree, consultancy, continuing education, earning, earning potential, entry level jobs, entry level positions, finances, financial planning, financial stability, financially, get paid, getting hired, going back to school, graduate degree, graduated, hire, hires, hiring, in bed, in hospital, in office, in school, internship, internships, interviewed, job hopping, job hunt, job hunting, job interviews, job market, job offer, job offers, job searching, job security, jobs, looking for a new job, making 6 figures, masters degree, new grads, new job, office jobs, paid off, personal development, phd, professional career, professional development, remote work, rent, rented, resume, resume tips, stay at home, teacher, teachers, teaching, wealth management, work from home, work life balance","","jobsearch, ProductManagement, jobs, askdatascience, datascience, cscareeradvice, resumes, cscareers, cscareerquestions, recruitinghell, careeradvice, careerguidance, marketing, findapath, ExperiencedDevs, CScareerquestionsSEA","","TRUE","ALL","","","CONVERSATION, FEED","","","","","","TRUE","UNIFORM","","","","'2520138178659244493","Variant A - Pain Point","","","ACTIVE","","","t3_1u0mgwi","t2_2bnhmwkhsl","IMAGE","LEARN MORE","Find out why you're not getting interviews","https://seekerscore.com/?utm_source=reddit&utm_medium=paid&utm_campaign=traffic_jun2026&utm_content=pain_point","seekerscore.com","","","","FALSE","","","","","","","","","","","","","","","","","","","","","","","","","","","","","","","","","","","","","","","","","","","","","","","","","","","",
,"'2520138178656659576","SEEKER - Traffic - Jun 2026","FALSE","TRAFFIC","","1627231","PAUSED","","'2520138178653439020","Job Seekers - Tech - US","'2026-06-09 15:00:00","'2026-07-15 02:00:00","a2_isf9x6nbz9v2","LOWEST_COST","","DAILY","","","","RECOMMENDED","ACTIVE","US","","","","","apprenticeships, bachelors, back to work, cabinet, career choice, career development, career field, career path, career progression, career trajectory, career wise, college degree, consultancy, continuing education, earning, earning potential, entry level jobs, entry level positions, finances, financial planning, financial stability, financially, get paid, getting hired, going back to school, graduate degree, graduated, hire, hires, hiring, in bed, in hospital, in office, in school, internship, internships, interviewed, job hopping, job hunt, job hunting, job interviews, job market, job offer, job offers, job searching, job security, jobs, looking for a new job, making 6 figures, masters degree, new grads, new job, office jobs, paid off, personal development, phd, professional career, professional development, remote work, rent, rented, resume, resume tips, stay at home, teacher, teachers, teaching, wealth management, work from home, work life balance","","jobsearch, ProductManagement, jobs, askdatascience, datascience, cscareeradvice, resumes, cscareers, cscareerquestions, recruitinghell, careeradvice, careerguidance, marketing, findapath, ExperiencedDevs, CScareerquestionsSEA","","TRUE","ALL","","","CONVERSATION, FEED","","","","","","TRUE","UNIFORM","","","","'2522238541163110198","Variant C - Social Proof","","","ACTIVE","","","t3_1u399n1","t2_2bnhmwkhsl","IMAGE","LEARN MORE","10,000+ resumes analyzed. See where yours ranks.","https://seekerscore.com/upload?utm_source=reddit&utm_medium=paid&utm_campaign=upload_conversions_jun2026&utm_content=social_proof","seekerscore.com","","","","FALSE","","","","","","","","","","","","","","","","","","","","","","","","","","","","","","","","","","","","","","","","","","","","","","","","","","","",